,Name,Gender,Age,Attendance (%),Study_Hours,Previous_Marks,Assignments_Completed,Join_Date,City,Extra_Classes,Join_Date_1,Join_Date_2
0,Rahul,Male,21.0,92.0,3.5,78,9.0,2024-06-10,Bengaluru,Yes,2024-06-10,2024-06-10
1,Priya,Female,22.0,89.0,4.0,85,10.0,10/06/2024,Bengaluru,No,10-06-2024,
2,Amit,Male,20.0,76.0,2.5,67,8.0,2024/06/12,Mysore,Yes,2024-06-12,2024-06-12
3,Sneha,Female,23.0,95.0,5.0,91,10.0,12-06-2024,Mysore,No,12-06-2024,
4,Kiran,Male,21.0,89.0,3.0,72,7.0,2024-06-15,Hubali,Yes,2024-06-15,2024-06-15
5,Anjali,Female,20.0,89.0,4.5,88,9.0,15/06/2024,Hubali,No,15-06-2024,
6,Vikram,Male,24.0,72.0,2.0,61,6.0,2024-06-18,Dharwad,Yes,2024-06-18,2024-06-18
7,Neha,Female,22.0,91.0,3.122448979591837,93,10.0,18/06/2024,Dharwad,Yes,18-06-2024,
8,Rohan,Male,19.0,68.0,1.5,55,5.0,2024/06/20,Belagavi,No,2024-06-20,2024-06-20
9,Divya,Female,21.0,84.0,3.0,76,8.0,20-06-2024,Belgaum,No,20-06-2024,
10,Arjun,Male,22.0,89.0,2.5,69,7.0,2024-06-22,Bengaluru,Yes,2024-06-22,2024-06-22
11,Pooja,Female,23.0,96.0,5.5,95,10.0,22/06/2024,Mysore,No,22-06-2024,
12,Manoj,Male,22.0,64.0,1.0,48,4.0,2024-06-25,Tumkur,Yes,2024-06-25,2024-06-25
13,Asha,Female,20.0,87.0,3.5,82,9.0,25/06/2024,Tumkur,No,25-06-2024,
14,Suresh,Male,22.0,73.5,2.0,64,6.0,2024/06/27,Shivamoga,Yes,2024-06-27,2024-06-27
15,Meena,Female,21.0,90.0,4.0,89,10.0,27-06-2024,Shivamoga,No,27-06-2024,
16,Naveen,Male,23.0,78.0,2.5,71,7.0,2024-06-29,Mangaluru,Yes,2024-06-29,2024-06-29
17,Kavya,Female,20.0,93.0,4.5,90,10.0,29/06/2024,Mangaluru,No,29-06-2024,
18,Prakash,Male,24.0,89.0,1.5,58,5.0,2024-07-01,Udupi,Yes,2024-07-01,2024-07-01
19,Lakshmi,Female,22.0,89.0,3.0,81,8.0,01/07/2024,Udupi,No,01-07-2024,
20,Harish,Male,21.0,82.0,3.0,74,8.0,2024/07/03,Bengaluru,Yes,2024-07-03,2024-07-03
21,Shalini,Female,23.0,94.0,5.0,92,10.0,03-07-2024,Mysore,No,03-07-2024,
22,Ganesh,Male,26.0,105.0,0.5,45,3.0,2024-07-05,Dharwad,Yes,2024-07-05,2024-07-05
23,Deepa,Female,21.0,89.0,4.0,87,9.0,05/07/2024,Hubali,No,05-07-2024,
24,Ravi,Male,22.0,77.0,2.5,68,,2024-07-07,Belagavi,Yes,2024-07-07,2024-07-07
25,Swathi,Female,20.0,91.0,4.5,94,10.0,07/07/2024,Belgaum,No,07-07-2024,
26,Mahesh,Male,23.0,74.0,2.0,63,6.0,2024/07/09,Tumkur,Yes,2024-07-09,2024-07-09
27,Nandini,Female,22.0,88.0,3.5,85,9.0,09-07-2024,Tumkur,No,09-07-2024,
28,Ajay,Male,21.0,80.0,3.0,73,8.0,2024-07-11,Shivamoga,Yes,2024-07-11,2024-07-11
29,Rekha,Female,24.0,97.0,5.5,96,10.0,11/07/2024,Shivamoga,No,11-07-2024,
30,Vijay,Male,25.0,66.0,1.0,51,4.0,2024-07-13,Mangaluru,Yes,2024-07-13,2024-07-13
31,Sowmya,Female,21.0,85.0,3.5,79,8.0,13/07/2024,Mangaluru,No,13-07-2024,
32,Ramesh,Male,22.0,71.0,2.0,60,6.0,2024/07/15,Udupi,Yes,2024-07-15,2024-07-15
33,Bhavana,Female,22.0,92.0,4.0,91,10.0,15-07-2024,Udupi,No,15-07-2024,
34,Sanjay,Male,23.0,79.0,2.5,70,7.0,2024-07-17,Bengaluru,Yes,2024-07-17,2024-07-17
35,Aishwarya,Female,22.0,90.0,4.5,88,9.0,17/07/2024,Mysore,No,17-07-2024,
36,Lokesh,Male,21.0,89.0,3.0,75,8.0,2024/07/19,Dharwad,Yes,2024-07-19,2024-07-19
37,Geetha,Female,23.0,87.0,3.5,84,9.0,19-07-2024,Hubali,No,19-07-2024,
38,Karthik,Male,24.0,70.0,2.0,62,6.0,2024-07-21,Belagavi,Yes,2024-07-21,2024-07-21
39,Divakar,Male,22.0,75.0,2.5,66,,21/07/2024,Tumkur,Yes,21-07-2024,
40,Nisha,Female,21.0,93.0,4.5,90,10.0,2024/07/23,Shivamoga,No,2024-07-23,2024-07-23
41,Suraj,Male,20.0,68.0,1.5,57,5.0,23-07-2024,Mangaluru,Yes,23-07-2024,
42,Keerthi,Female,22.0,86.0,3.5,83,9.0,2024.07.25,Udupi,No,2024.07.25,
43,Manjunath,Male,25.0,62.0,1.0,49,4.0,25/07/2024,Bengaluru,Yes,25-07-2024,
44,Pavithra,Female,20.0,89.0,4.0,86,9.0,2024/07/27,Mysore,No,2024-07-27,2024-07-27
45,Rakesh,Female,23.0,81.0,3.0,74,8.0,27-07-2024,Dharwad,Yes,27-07-2024,
46,Sahana,Female,21.0,95.0,5.0,93,10.0,2024-07-29,Hubali,No,2024-07-29,2024-07-29
47,Tejas,Male,22.0,76.0,2.5,65,7.0,29/07/2024,Belgaum,Yes,29-07-2024,
48,Arjun,Male,22.0,89.0,2.5,69,7.0,2024-06-22,Bengaluru,Yes,2024-06-22,2024-06-22
49,Swathi,Female,20.0,91.0,4.5,94,10.0,07/07/2024,Belgaum,No,07-07-2024,
